{"name":"5e4f75b5-f701-40eb-9953-630dd65782dc","id":"/providers/Microsoft.Flow/flows/5e4f75b5-f701-40eb-9953-630dd65782dc","type":"Microsoft.Flow/flows","properties":{"apiId":"/providers/Microsoft.PowerApps/apis/shared_logicflows","displayName":"automatic sentiment analysis","definition":{"metadata":{"workflowEntityId":null,"processAdvisorMetadata":null,"flowChargedByPaygo":null,"flowclientsuspensionreason":"None","flowclientsuspensiontime":null,"flowclientsuspensionreasondetails":null,"creator":{"id":"904a6ffc-16dd-461f-b311-e145c996e376","type":"User","tenantId":"0c2c5eb2-7477-4593-ac08-f1de3be027d2"},"provisioningMethod":"FromDefinition","failureAlertSubscription":true,"clientLastModifiedTime":"2024-11-05T17:04:34.7278901Z","connectionKeySavedTimeKey":"2024-11-05T17:04:34.7278901Z"},"$schema":"https://schema.management.azure.com/providers/Microsoft.Logic/schemas/2016-06-01/workflowdefinition.json#","contentVersion":"1.0.0.0","parameters":{"$connections":{"defaultValue":{},"type":"Object"},"$authentication":{"defaultValue":{},"type":"SecureObject"}},"triggers":{"When_a_new_email_arrives":{"recurrence":{"interval":5,"frequency":"Minute"},"metadata":{"operationMetadataId":"42583404-6390-42cd-82f3-ba2b44bb8735"},"type":"OpenApiConnection","inputs":{"parameters":{"label":"INBOX"},"host":{"apiId":"/providers/Microsoft.PowerApps/apis/shared_gmail","connectionName":"shared_gmail","operationId":"OnNewEmail"},"authentication":"@parameters('$authentication')"}}},"actions":{"Predict":{"runAfter":{},"metadata":{"flowSystemMetadata":{"portalOperationId":"aibuilderpredict","portalOperationGroup":"aibuilder","portalOperationApiDisplayNameOverride":"AI Builder","portalOperationIconOverride":"https://content.powerapps.com/resource/makerx/static/pauto/images/designeroperations/aiBuilderNew.51dbdb6b.png","portalOperationBrandColorOverride":"#0A76C4","portalOperationApiTierOverride":"Standard"},"operationMetadataId":"8ede4853-fbf9-4ea1-876d-843c592190f7"},"type":"OpenApiConnection","inputs":{"parameters":{"recordId":"f1c549c2-a97e-47a5-b612-c5c2bab0f163","item/requestv2/language":"en","item/requestv2/text":"@triggerOutputs()?['body/Body']"},"host":{"apiId":"/providers/Microsoft.PowerApps/apis/shared_commondataserviceforapps","connectionName":"shared_commondataserviceforapps","operationId":"aibuilderpredict"},"authentication":"@parameters('$authentication')"}},"For_each":{"foreach":"@outputs('Predict')?['body/responsev2/predictionOutput/result/sentences']","actions":{"Send_me_an_email_notification":{"runAfter":{},"metadata":{"operationMetadataId":"7903647d-3086-4ccc-8583-977242408d99"},"type":"OpenApiConnection","inputs":{"host":{"apiId":"/providers/Microsoft.PowerApps/apis/shared_flowpush","connectionName":"shared_flowpush","operationId":"SendEmailNotification"},"parameters":{"NotificationEmailDefinition/notificationSubject":"the email@{triggerOutputs()?['body/Body']}","NotificationEmailDefinition/notificationBody":"so the sentiment is--@{item()?['sentiment']}@{triggerOutputs()?['body/SenderName']}"},"authentication":"@parameters('$authentication')"}}},"runAfter":{"Predict":["Succeeded"]},"metadata":{"operationMetadataId":"90d38464-a60f-46a6-a54e-f392a06f6391"},"type":"Foreach"}},"outputs":{}},"connectionReferences":{"shared_commondataserviceforapps":{"connectionName":"shared-commondataser-24bd35fd-2f54-49b5-b46f-db5089a49b6b","source":"Embedded","id":"/providers/Microsoft.PowerApps/apis/shared_commondataserviceforapps","tier":"NotSpecified"},"shared_flowpush":{"connectionName":"shared-flowpush-a260284b-3d73-4d14-8927-f9be2e0d9300","source":"Embedded","id":"/providers/Microsoft.PowerApps/apis/shared_flowpush","tier":"NotSpecified"},"shared_gmail":{"connectionName":"shared-gmail-704d72d2-cc28-4b5c-b231-f298d991007a","source":"Embedded","id":"/providers/Microsoft.PowerApps/apis/shared_gmail","tier":"NotSpecified"}},"flowFailureAlertSubscribed":false,"isManaged":false}}